Date,Meta_Return,Meta_Turnover,Pooled_Return,Pooled_Turnover,EW_Return,EW_Turnover
2022-09-26,-0.012151527602604477,1.9920159680637854,-1.137003890459993e-15,1.9960079840318494,-0.014079403656867946,0
2022-09-27,-0.004164103884253491,2.00000000000275,0.006035433616489318,2.000000000000199,-0.001901417634013603,0
2022-09-28,0.005015551578553367,2.000000000014338,1.775916579352221e-15,2.0000000000002087,0.023993934078223717,0
2022-09-29,-0.07908284664161333,2.0000000000153815,-0.0445753484964374,2.000000000000091,-0.018568043388610334,0
2022-09-30,-0.011633004061985742,2.0000000000132254,-0.014712136238814115,2.000000000000136,-0.010900373723539568,0
2022-10-03,-0.010112404823241578,2.0000000000081735,0.03359650075435863,0.0,0.028412044014674356,0
2022-10-04,7.037689277218007e-13,2.0000000000246905,0.0823799371719368,2.000000000000081,0.03461168744112643,0
2022-10-05,0.007454510778154154,2.0000000000284848,0.008540123701095425,2.0000000000000595,-0.0037515969128500597,0
2022-10-06,0.0034891938655337573,2.000000000006509,0.010887064039706636,0.0,-0.010805262139279317,0
2022-10-07,-0.06361971050500928,1.7038113231852872,-0.013001186773182514,2.0000000000000955,-0.024836169751667733,0
2022-10-10,-0.034513100981777955,2.0000000000093157,-0.014606047421694225,0.0,-0.006293075453483513,0
2022-10-11,0.009117269186339781,2.0000000000093445,-0.006022041663527765,0.0,-0.004763115760566168,0
2022-10-12,0.0002999243733856901,2.0000000000015117,0.002733990779545641,2.000000000000087,-0.0051958893178786734,0
2022-10-13,0.0012391858036611366,2.0000000000044253,0.006941467523577631,2.0000000000001172,0.02283785664149254,0
2022-10-14,-0.018672203645110883,2.000000000004057,-0.022605448961260537,0.0,-0.023343552141353915,0
2022-10-17,0.06502981172990575,2.0000000000000666,1.751505524242615e-15,2.0000000000001226,0.02415151073733421,0
2022-10-18,-0.003970877267405943,2.0000000000003926,1.081319468386707e-15,0.0,0.01444153389493222,0
2022-10-19,0.004680757433701188,2.000000000000757,-8.45571123225452e-16,0.0,-0.01131140617365158,0
2022-10-20,0.013934705534341637,2.0000000000000373,-0.004600487183780135,2.000000000000087,-0.010037654361196958,0
2022-10-21,0.005229412635549914,0.4167253096938837,1.513097626804911e-15,2.000000000000078,0.02340029830511793,0
2022-10-24,0.008541011487034832,2.0000000000000506,0.007786455564201501,2.000000000000078,0.010055722906244938,0
2022-10-25,5.209037172445316e-16,2.0000000000000577,0.057086113840342415,2.0000000000000675,0.020681783880188202,0
2022-10-26,-6.705973293713155e-17,0.0,-0.021712981164455213,0.0,0.0009282515677909257,0
2022-10-27,-6.066638384459346e-17,0.0,-0.006131194997578904,0.0,0.0007189344719163622,0
2022-10-28,0.001659928068274711,0.023776431168889132,0.027849329635502535,0.0,0.0213582676306958,0
2022-10-31,-0.0038694138638675486,2.000000000000078,-0.008796888403594806,0.0,-0.004391435933888816,0
2022-11-01,0.11968386918306012,1.9999999999999671,0.0027231522835793106,0.0,0.002669989058689564,0
2022-11-02,-0.04635849543977638,2.000000000000547,-0.058924939483406005,2.00000000000008,-0.024001048564693157,0
2022-11-03,0.021206082486949406,2.000000000001531,0.026740701869129472,0.0,-0.0051754977792809785,0
2022-11-04,-0.07047491520642155,2.0000000000020925,0.005837688688189596,2.00000000000012,0.015204326552373753,0
2022-11-07,0.01125538341166598,2.0000000000008185,-0.021649708971380733,2.000000000000085,0.0072894684776701885,0
2022-11-08,0.05460853874683438,2.0000000000003495,0.013834688812494613,0.0,0.005531070887832856,0
2022-11-09,0.06012940034270223,2.000000000000082,-0.04547167569398986,2.000000000000086,-0.018667105601108524,0
2022-11-10,0.13334020972251975,2.00000000000006,0.11387360095978108,2.0000000000000826,0.05661933583412141,0
2022-11-11,0.05691925808787583,2.0000000000001337,0.06226760894060284,2.0000000000001035,0.009874118919836467,0
2022-11-14,0.014457343826728556,2.000000000000167,-0.0024348532989417596,2.000000000000057,-0.01147336588294633,0
2022-11-15,-0.0417098850011649,2.000000000001314,0.015983151271939694,2.0000000000000453,0.011136860498824942,0
2022-11-16,-0.0018945092894343024,2.000000000001326,-0.014420908875763767,0.0,-0.010669285128513622,0
2022-11-17,0.004920047345530555,2.000000000000684,-0.010009556543916269,2.0000000000000497,-0.005991753591979159,0
2022-11-18,0.009279848526297717,2.000000000000104,-0.012451523914932715,2.0000000000000835,0.007080270073301308,0
2022-11-21,-0.002859240863472469,2.0000000000000817,0.01631959527730955,2.000000000000173,-0.0013301061358750828,0
2022-11-22,0.01654888875782692,2.0000000000001306,-0.026156501844524633,2.0000000000001643,0.012962461681237759,0
2022-11-23,0.012329212586314687,2.000000000000385,0.01894262991845638,0.0,0.005264953193981492,0
2022-11-25,-0.008538512513041219,0.8957636299131219,0.007707821205258256,2.000000000000009,0.002457542594387116,0
2022-11-28,-0.012966279871876846,2.0000000000031335,-0.006727473182978491,2.00000000000006,-0.016372802423836607,0
2022-11-29,0.005917154252551464,2.000000000004087,0.015806831419467923,2.000000000000053,0.003021372024942572,0
2022-11-30,0.07670184969906012,2.0000000000072164,0.08237913250923261,2.00000000000006,0.02543631459469791,0
2022-12-01,0.04083578202414705,2.000000000001969,-1.0545454840010182e-16,2.000000000000067,0.0007288264794246815,0
2022-12-02,-0.00266610691323924,2.0000000000023404,-0.014188439585268596,0.0,-0.0009854066943398448,0
2022-12-05,-0.016067711636740256,2.000000000012664,0.015776408836244517,0.0,-0.01994577950499152,0
2022-12-06,-0.0050478749908515015,2.000000000017742,-0.02234330773353636,0.0,-0.011749420265329975,0
2022-12-07,0.012035838395003565,2.0000000000001363,0.011148170568048945,0.0,-0.00141044099747339,0
2022-12-08,-0.0034474309068127985,2.000000000001795,0.03538126498460847,2.000000000000091,0.0068180870752795105,0
2022-12-09,-0.011798846535389667,2.0000000000020464,-0.009520158171654147,2.0000000000000906,-0.007340570096596434,0
2022-12-12,-0.0064302855170903905,2.0000000000007643,0.005170692224056673,2.000000000000103,0.014671484443732662,0
2022-12-13,-0.013996179215578107,2.000000000001034,0.03753282477514636,2.0000000000000266,0.006914153959037874,0
2022-12-14,0.01816159300504914,2.000000000001248,0.0004249719495417521,2.0000000000000684,-0.006236178774475002,0
2022-12-15,-0.03902726992965181,2.000000000001349,-0.023302899341313597,2.000000000000055,-0.02271711828491275,0
2022-12-16,-2.4382317945159982e-14,2.0000000000011946,0.009306741878389469,2.0000000000000138,-0.01116100874057162,0
2022-12-19,-0.004829218145472528,2.000000000001304,-0.004229785408825382,2.000000000000087,-0.00930168949431942,0
2022-12-20,0.003499818500142534,2.0000000000053584,-0.00915658101439325,1.9999999999999774,0.0015815578726415512,0
2022-12-21,0.01566194742919391,2.0000000000090443,0.010310705751181357,2.0000000000000955,0.014818091065847796,0
2022-12-22,0.0017633961265387725,2.0000000000007434,-0.004032192751765869,2.000000000000076,-0.0113720422712562,0
2022-12-23,0.04272730384493801,2.000000000000032,-0.001984881882064011,2.0000000000000924,0.006330468008381141,0
2022-12-27,0.02428409270942225,2.0000000000000515,-0.0016048565739766219,1.1323404911142125,-0.000493986926722027,0
2022-12-28,-4.956798725481065e-16,2.000000000000029,-0.01303369551897185,1.9999999999999425,-0.01325355390101409,0
2022-12-29,0.022357877818843568,1.9999999999999587,0.03238644823432028,1.9999999999999853,0.017761134331681798,0
2022-12-30,-8.263934577182331e-17,1.9999999999999896,-0.005450001917779747,0.0,-0.004013475833993154,0
2023-01-03,-7.487216253740219e-17,0.0,0.013752973638475007,2.000000000000051,-0.0019268145194351984,0
2023-01-04,3.386823322650736e-16,0.0,0.008079699240625274,2.0000000000000586,0.014470595236439647,0
2023-01-05,-0.03792529180658579,2.0000000000056595,-0.00742165092378968,2.000000000000058,-0.011545428262894878,0
2023-01-06,0.044717822224041734,0.0,0.01661009527743042,2.0000000000001057,0.02404743508839986,0
2023-01-09,0.00012246603697886317,2.00000000026182,-0.014419031329453231,2.000000000000107,0.0013748131095490533,0
2023-01-10,0.004435230977836372,2.000000000257129,0.008935919031502282,2.000000000000183,0.007332742064936827,0
2023-01-11,0.02996746225761689,2.0000000000004063,-0.01547227147966512,2.0000000000001052,0.012345698164113026,0
2023-01-12,0.004600678104972334,2.0000000000332796,0.010155680589378225,2.000000000000098,0.003971037123723609,0
2023-01-13,0.009438920766116687,2.000000000032982,-0.0031989300623533794,0.0,0.0026884628387850392,0
2023-01-17,-0.00030889158370196734,2.0000000000005898,-0.004958111216736992,1.9999999999999005,-0.001403561325504254,0
2023-01-18,-0.009030278035779207,2.000000000001112,-0.019737938418985447,1.9999999999999063,-0.015325080102743293,0
2023-01-19,0.019782094284891638,1.230440527692793,0.02996134012937453,0.0,-0.010342285067074004,0
2023-01-20,0.047008648514749535,2.000000000000078,0.0442601405084147,0.0,0.01779401195312812,0
2023-01-23,2.342280206519256e-16,2.0000000000000595,0.041186265647412436,0.0,0.012258813974640612,0
2023-01-24,-1.8068990709714688e-17,0.0,0.0011508854804559222,0.0,-0.0012958750501243113,0
2023-01-25,-2.150955964370795e-18,0.0,-0.012787560932338082,0.0,0.0015145369164160083,0
2023-01-26,1.8849561879900508e-16,0.0,0.002898553386331122,2.0000000000000524,0.008355971070927183,0
2023-01-27,3.862856399567282e-17,0.0,0.009947664085149976,2.0000000000000813,0.001683010166075718,0
2023-01-30,-2.0540634233668211e-16,0.0,0.025002738460897855,2.0000000000000657,-0.01029380817067839,0
2023-01-31,3.1030771383774315e-16,0.0,-0.0011817120248443275,2.0000000000000737,0.016631201298900077,0
2023-02-01,2.273031937052825e-16,0.0,-0.0020193627064368294,2.0000000000000426,0.011089679095439823,0
2023-02-02,0.11463402956724197,2.0000000000000355,0.0036592187825600407,2.00000000000004,0.011312367254914623,0
2023-02-03,0.03821108117699614,2.0000000000000444,0.00015487110067553575,0.0,-0.011146085095201931,0
2023-02-06,0.012273429785291806,2.0000000000000364,0.011411198414861708,2.0000000000000315,-0.006929548309654455,0
2023-02-07,3.404652354279478e-16,2.0000000000000555,0.02846928313374554,2.0000000000000484,0.008899968562020546,0
2023-02-08,-2.2149803245770878e-16,0.0,-0.005010496824980157,2.0000000000000835,-0.008725833941903757,0
2023-02-09,-2.501888304645303e-16,0.0,-0.005565395578742647,0.0,-0.008256390602930793,0
2023-02-10,1.0411136006520042e-16,0.0,0.01962968707084672,2.000000000000063,0.003205334773305068,0
2023-02-13,2.939006809047457e-16,0.0,0.02724315226078067,0.0,0.010407064161204734,0
2023-02-14,-2.4166683888460554e-17,0.0,0.2115637511014938,2.000000000000066,-0.0006560641001657157,0
2023-02-15,2.0874614812700247e-16,0.0,0.32812511920928983,2.0000000000000786,0.006923803110540628,0
2023-02-16,-3.8209136456712255e-16,0.0,-0.03703133107055875,1.9999999999999378,-0.010630162762386325,0
2023-02-17,-1.123987529033217e-16,0.0,-0.01397604960948297,2.0000000000000497,-0.002488119123526105,0
2023-02-21,-6.438536738974622e-16,0.0,-0.02056289091706471,1.9999999999999645,-0.020579887138927788,0
2023-02-22,0.027316538617014857,2.0000000000000657,0.009447595104575275,0.0,-0.0010541340912558171,0
2023-02-23,0.0036049026530238296,2.0000000000000866,0.14021383225917838,2.000000000000072,0.0037266694063125792,0
2023-02-24,-4.581312298071813e-16,2.000000000000088,0.0005615207483057373,2.000000000000051,-0.008321199755126494,0
2023-02-27,5.398651059214633e-17,0.0,0.009232895448803924,2.0000000000000777,0.0010658147512330543,0
2023-02-28,-8.723644418793033e-17,0.0,-0.011549079790711663,2.000000000000064,-0.002863648338842869,0
2023-03-01,-2.1722748261659223e-16,0.0,-0.022312059998512563,2.000000000000031,-0.002398132054835089,0
2023-03-02,0.06053359806537693,2.0000000000000813,0.016992753371596763,2.000000000000063,0.00802968565891685,0
2023-03-03,0.012629790231587517,2.000000000000162,0.024706380441785542,1.9999999999999734,0.013324410319765155,0
2023-03-06,0.0030041185240162207,2.0000000000013123,-0.014064590446650971,0.0,-0.0037674251704489774,0
2023-03-07,-0.02717870287598622,1.027243303769902,-0.0010524417739371868,2.000000000000054,-0.014984600318305539,0
2023-03-08,-0.002131446497513026,2.0000000000010894,0.027374244735363394,2.0000000000000298,0.002306437207414479,0
2023-03-09,-0.023121109232324962,2.0000000000007216,-0.012234744615853796,2.000000000000036,-0.01991043509421403,0
2023-03-10,-0.03099820762874509,0.0,-0.018609188497067684,2.0000000000000933,-0.020467170294696746,0
2023-03-13,0.002842211546933129,2.0000000000023035,-0.022834118455649078,2.0000000000001097,-0.00716377131980543,0
2023-03-14,-0.02054193020642276,2.0000000000019558,0.011269547045232009,0.0,0.014542366781309402,0
2023-03-15,-0.007049912121147188,2.0000000000007843,0.014280629344283816,2.000000000000088,-0.013820798041227182,0
2023-03-16,0.05097653676031635,2.0000000000000893,0.03357118873366202,2.000000000000089,0.014293569358683639,0
2023-03-17,0.02876705978715332,2.0000000000001155,0.00038531064637860936,2.00000000000007,-0.015998747513932498,0
2023-03-20,0.06829730421304733,2.000000000000069,0.021664462983608728,0.0,0.012938564908582119,0
2023-03-21,0.04579206556081725,2.000000000000001,0.01729141920805089,2.00000000000006,0.013732539627454967,0
2023-03-22,-0.007650223656108358,2.000000000000063,-0.03196861967444567,0.0,-0.02149716720010336,0
2023-03-23,0.0900646299123762,2.000000000000043,-0.0007987785502340247,0.0,-0.003003550531578942,0
2023-03-24,0.008130060508847388,2.0000000000000275,0.043276548385620416,2.0000000000000693,0.007162885615735049,0
2023-03-27,0.06348656117916189,2.0000000000000426,0.018615974113345406,0.0,0.0063694349509624834,0
2023-03-28,0.009131058351239344,2.000000000000038,0.011124382726848141,0.0,0.0016239072951839532,0
2023-03-29,0.01279611326754167,2.000000000000014,0.044204272329807975,0.0,0.015000481299395827,0
2023-03-30,-0.009139789268373916,0.0,-0.006816581357270256,2.0000000000000715,0.0048784317136551635,0
2023-03-31,0.018073966726661533,2.00000000000004,0.015384866856039202,2.000000000000067,0.015182201091761043,0
2023-04-03,0.011127217672766927,2.000000000000434,-0.009053997695445997,0.0,0.000978241240368234,0
2023-04-04,-0.011372057916021805,2.0000000000004334,-0.005422612652185099,1.9999999999998856,-0.009903396154553044,0
2023-04-05,-0.004657669924199618,2.000000000000072,-0.01445658470184927,2.000000000000112,-0.002530859097609057,0
2023-04-06,0.004796427208930362,2.00000000000008,-0.00798702376630446,0.8591855722056977,0.000509956510513857,0
2023-04-10,0.08043038100004218,2.000000000000041,-0.0043655759654936885,1.645348401385089,0.0067648686529568226,0
2023-04-11,0.04874588703321613,2.000000000000026,0.00798790156841293,2.0000000000000395,0.006159134670533078,0
2023-04-12,0.012425344006256509,2.0000000000000298,-0.007475959602743492,0.0,-0.004349038850164278,0
2023-04-13,0.02305908793647176,2.000000000000044,0.010939443483949044,2.0000000000000475,0.008048859985195916,0
2023-04-14,0.05906417601048928,2.0000000000000475,0.007693187799304644,2.0000000000000466,-0.003654413275004905,0
2023-04-17,0.041969798379220206,1.4640541385154409,0.009883620776236234,0.0,0.006485982859399036,0
2023-04-18,0.012937998134957678,0.9866220525662093,0.014860097318887757,2.000000000000051,0.001380872628666663,0
2023-04-19,0.07504645735025466,2.000000000000039,0.023741830140352218,2.0000000000000555,-0.0009211653108897244,0
2023-04-20,0.06505538429870975,2.0000000000000457,0.0149495918303726,2.0000000000000533,-0.005359115857144336,0
2023-04-21,0.032632330984096805,2.0000000000000138,0.012880274094641138,2.0000000000000506,-0.0004050574851011579,0
2023-04-24,0.04619161039590799,2.0000000000000124,-0.00024197090533563834,2.0000000000000444,0.001398343516655245,0
2023-04-25,0.116270080208778,2.0000000000000284,-0.06599459797144004,2.0000000000000497,-0.01669689834589534,0
2023-04-26,0.129129216074942,2.000000000000003,-0.005896582268178921,0.0,-0.008660696328330891,0
2023-04-27,0.11345619623241088,2.0000000000000733,-0.003475553821771634,0.0,0.016594057749535568,0
2023-04-28,0.0720793977379791,2.000000000000039,0.0239739976823334,0.0,0.010403985442939802,0
2023-05-01,0.026805086791770856,2.0000000000000724,0.001779343350790563,2.000000000000073,0.00015407421968832225,0
2023-05-02,0.11545506119728063,2.0000000000000746,0.009274987503885682,0.0,-0.01382384104849671,0
2023-05-03,-0.023030774667955712,2.000000000010059,-0.04799997806549078,2.0000000000000826,-0.004921071771045926,0
2023-05-04,-0.02249931171549159,0.0,-0.02602385915815715,2.000000000000073,-0.007993387642022346,0
2023-05-05,-0.03651956468809896,2.000000000010759,-0.03403603658080036,2.0000000000000506,0.017364476618327726,0
2023-05-08,0.06109653506622019,2.0000000000036406,0.027310725301504118,2.0000000000000524,-0.0007484720422916055,0
2023-05-09,0.12239015688961931,2.0000000000000306,0.23385019600391352,2.0000000000000515,-0.0029743385028290457,0
2023-05-10,0.08443209528923008,2.0000000000000258,7.781811257414841e-05,2.000000000000063,0.0001703133140886974,0
2023-05-11,0.2352611273527145,2.000000000000035,0.0002262160996905335,2.0000000000000577,-0.004292246855680594,0
2023-05-12,0.2647524476051336,2.0000000000000475,0.009800250218082474,2.0000000000000404,-6.783554256648431e-05,0
2023-05-15,0.1126248985528951,2.000000000000047,-0.012298204936086878,2.000000000000053,0.006164177318152757,0
2023-05-16,0.030771681511757354,2.0000000000000253,0.011732948012649517,0.0,-0.013554365493729197,0
2023-05-17,0.060996973292917325,2.0000000000000373,0.006262133829296006,2.000000000000054,0.013044601855196566,0
2023-05-18,0.10737803756278783,2.00000000000005,0.04970510676503191,2.0000000000000444,0.00845870890452988,0
2023-05-19,0.007215772194539455,2.0000000000001212,0.0015051329974083403,2.0000000000000515,-0.0030401352039865844,0
2023-05-22,0.049121488649928234,1.4810179129293681,-0.021279148757457657,0.0,0.002160641921037239,0
2023-05-23,0.018521458702427527,2.0000000000000284,-0.021564660593867722,2.0000000000000306,-0.01061426056103827,0
2023-05-24,0.01386028900742434,1.999999999999985,-0.004420740529895284,0.0,-0.010554698863793573,0
2023-05-25,0.09324864963496746,2.0000000000000457,-0.010838393121957515,0.0,0.0006762320618307825,0
2023-05-26,0.05537601187825244,2.0000000000000324,-0.0024026515893633736,0.0,0.00842834270415533,0
2023-05-30,0.034136328846216264,2.000000000000044,-0.0015285388799382536,2.0000000000000573,-0.0013437505927693914,0
2023-05-31,0.01735941396635768,2.000000000000051,0.005077467662834642,2.000000000000059,-0.0073347373934542935,0
2023-06-01,0.08455171436071231,2.00000000000005,-0.0028112465209986434,2.0000000000001465,0.00791500507825286,0
2023-06-02,0.0006498179864561444,2.0000000000034523,-0.01113906688988003,2.0000000000001568,0.0214402710135,0
2023-06-05,0.04958672821520405,2.000000000002977,-0.003966761752963362,0.0,-0.0036706704406801478,0
2023-06-06,0.01700288057327205,2.0000000000014238,-0.013198496773838561,0.0,0.006559927307760067,0
2023-06-07,-0.029542921110980034,2.0000000000025673,-0.007059747353195653,2.0000000000001252,0.006874493417055197,0
2023-06-08,0.0037775728851850696,2.00000000001103,0.023393321782350516,0.0,0.001318076867330215,0
2023-06-09,-0.02895053289827583,2.0000000000170353,0.0010928674601017993,0.0,-0.0013142216792297614,0
2023-06-12,0.04194401577119333,2.0000000000061315,0.021923780441284634,0.0,0.006272875408810111,0
2023-06-13,0.0066626747139092515,2.0000000000096305,0.039005141705275755,2.0000000000001257,0.009749913000716166,0
2023-06-14,0.0018107321811794016,0.0,0.04814491420984243,0.0,-0.0015191239223846522,0
2023-06-15,-0.00421686889599254,0.0,-0.00800055824220061,0.0,0.012181474462822134,0
2023-06-16,-0.01512421015650772,0.0,-0.027819719165563618,2.000000000000116,-0.0012216047359257633,0
2023-06-20,0.0023785110097193497,2.000000000006089,0.026140794157981338,2.000000000000089,-0.008522769299304058,0
2023-06-21,-0.060000024735765455,2.000000000008733,-0.01741685904562488,0.0,-0.0008942111995645813,0
2023-06-22,-0.022635387256741527,2.0000000000095377,-0.0004646867746489439,0.0,-0.00367232888599543,0
2023-06-23,0.01610540412351909,2.0000000000072498,-0.01896572858095223,0.0,-0.008022917536792391,0
2023-06-26,0.01367201097317849,2.00000000000919,0.021792884916067404,2.0000000000000764,0.005709672222976311,0
2023-06-27,0.022795358672996594,2.000000000009771,0.0048654936254032095,2.000000000000079,0.01282363703213339,0
2023-06-28,-0.015542412176715955,0.0,-0.0009221765212707788,2.000000000000106,-0.0015045598184604719,0
2023-06-29,0.015883054584271396,2.0000000000127165,-0.00396030768752064,2.000000000000104,0.007495531400739358,0
2023-06-30,-0.005003085359915053,0.0,0.0071560707874600005,2.0000000000000715,0.009313898239883793,0
2023-07-03,0.025770137086509427,0.0,0.0034606966655703845,2.000000000000081,0.0033097822796845865,0
2023-07-05,-0.027318941429258628,2.0000000000013687,0.0002653438423294082,0.0,-0.004082616661887192,0
2023-07-06,-0.02452600374817902,2.000000000000532,-0.003148149233312162,2.000000000000111,-0.008457559050710446,0
2023-07-07,0.011620602570474387,0.0,0.009500309824943608,2.000000000000089,0.0020395297966486195,0
2023-07-10,0.0032148562507515323,2.000000000000074,0.0156250055879361,2.0000000000000826,0.008989136379712076,0
2023-07-11,0.04801268511889561,2.0000000000000187,-0.0061793816275886706,2.000000000000076,0.010991573855851915,0
2023-07-12,0.01776650673813977,2.0000000000000493,0.007152086123823834,2.0000000000000338,0.004238265560399192,0
2023-07-13,0.03466939547774106,2.000000000000049,-0.0019366546766826252,0.0,0.006453356249086843,0
2023-07-14,0.01537220003481607,2.0000000000000444,0.0034535792656240224,2.00000000000001,-0.005216516394226462,0
2023-07-17,0.02542673796415383,2.000000000000001,-0.0019001140026374329,0.0,0.0024245025269339082,0
2023-07-18,0.03613755512853622,1.9999999999999898,0.0033218681346607274,1.9999999999998408,0.00601040904944683,0
2023-07-19,0.024985437289995777,2.0000000000000924,0.004675186704844786,0.0,0.004290454549468294,0
2023-07-20,0.028338596687631213,2.00000000000008,-0.0009048457723122221,0.0,-0.0011111488748064586,0
2023-07-21,0.023480534553527648,2.000000000000057,0.0076322029344745015,0.0,0.001553913766375098,0
2023-07-24,0.01680463709805411,2.0000000000000395,-0.00964974705129849,2.0000000000002003,0.002125645358065011,0
2023-07-25,0.10081484913825986,2.0000000000000355,0.023917343467473373,2.000000000000018,0.001610822293536286,0
2023-07-26,0.0748271887007691,2.0000000000000466,0.017338089644909054,2.000000000000082,0.0017551888936695231,0
2023-07-27,0.08658467254400866,2.000000000000022,0.005529751069843933,2.0000000000000804,-0.00821466055092973,0
2023-07-28,0.07993188470325276,2.0000000000000133,0.02091709710657646,2.000000000000103,0.006168496024255439,0
2023-07-31,0.026472889490136774,2.000000000000063,0.01969882387454942,2.000000000000095,0.0035269925662402583,0
2023-08-01,0.19678899645805348,2.0000000000000533,0.0015845629386609154,2.0000000000001457,-0.0030844727986338396,0
2023-08-02,0.04492156624674866,2.000000000000103,0.004943335428832524,0.0,-0.009074951570398919,0
2023-08-03,-0.018292672932141242,2.00000000000397,0.0895913541316982,0.0,-0.003079013315824656,0
2023-08-04,0.07138637453317442,2.000000000003829,-0.02182171121239681,2.000000000000039,-0.005128655723044453,0
2023-08-07,-0.018494894728060342,2.0000000000004263,0.0028812412638224514,2.0000000000001443,0.008857647391854545,0
2023-08-08,0.008961149498785702,2.0000000000005063,0.0001453040458723042,0.0,-0.005683452024236331,0
2023-08-09,-0.021297818049833914,2.0000000000119567,0.02245134115219054,2.000000000000122,-0.003036035035605921,0
2023-08-10,0.012153230607509759,2.000000000011939,-0.01339595578610925,0.0,-0.0005088918804034903,0
2023-08-11,0.017044800549157545,2.0000000000001203,0.011365842074155585,2.000000000000117,-8.948365346172588e-05,0
2023-08-14,0.0324320368489103,2.000000000000129,0.0042438167147317,1.9999999999998481,0.0005781524540110469,0
2023-08-15,0.00694376867850277,2.0000000000001052,-0.01324122864753173,0.0,-0.012809233168177699,0
2023-08-16,0.0578450544681797,2.0000000000000786,-0.000999281881375431,0.0,-0.006636540374271651,0
2023-08-17,0.00365179614163457,2.0000000000002838,-0.0014290668768849118,0.0,-0.008592425647079353,0
2023-08-18,0.0002844939590462697,2.000000000004364,0.0010017128661257001,0.0,0.0018682324624608294,0
2023-08-21,-0.0013331099180511777,2.00000000000523,0.009435364045201082,0.0,0.000543535984544866,0
2023-08-22,-0.004581914283341027,2.0000000000021543,0.015179960988461735,2.000000000000177,-0.0028374888007563354,0
2023-08-23,0.010525722056669792,2.0000000000037037,0.006806627847254807,2.000000000000134,0.009132140744232364,0
2023-08-24,0.00653775222593872,2.0000000000069362,0.0016931764548639002,2.0000000000000915,-0.010090665107749438,0
2023-08-25,0.008652873337287053,2.0000000000064295,0.019238969311119795,2.0000000000002442,0.005395657490447331,0
2023-08-28,0.002726713893936576,2.0000000000062816,0.008846072480083133,1.9999999999999558,0.006924071612256321,0
2023-08-29,0.03476188343787123,2.000000000000219,0.02181020751595464,0.0,0.011980353697190495,0
2023-08-30,0.003835914494997195,2.0000000000000555,-0.00019113553571451004,2.0000000000001363,0.0031357087418019893,0
2023-08-31,-3.765423123380046e-16,0.24845002023883905,0.02325417602279369,2.000000000000025,-0.0033835937072453724,0
2023-09-01,2.1045141136711541e-16,0.0,0.004007268961238123,1.1839999349805734,0.003787453290445221,0
2023-09-05,-7.20168408472684e-16,0.0,0.0032992418855427395,2.000000000000142,-0.010845544141141103,0
2023-09-06,-0.005430368706584163,2.0000000000001545,0.0009121672483185061,2.0000000000002984,-0.002587185732779458,0
2023-09-07,-0.016313729807734653,2.0000000000001217,-0.029249327257273302,2.0000000000001545,-0.0031568982347402147,0
2023-09-08,7.288206997254372e-17,2.000000000000076,0.01091826241463461,2.000000000000126,0.0005732221629124593,0
2023-09-11,7.748889991998885e-17,0.0,-0.016215549781918744,2.000000000000237,0.0027828718917488207,0
2023-09-12,-7.170401758136848e-17,0.0,-0.030208829790354105,2.000000000000144,-0.0023127564889004848,0
2023-09-13,-8.389276583327355e-17,0.0,0.013706211932003292,2.0000000000000666,-0.003374632593335546,0
2023-09-14,0.02695698767719623,2.0000000000000844,0.014251887798310282,2.000000000000082,0.011011578962604187,0
2023-09-15,-1.5741128511865707e-16,2.000000000000058,0.002823386748303104,2.0000000000003255,-0.008815387853842086,0
2023-09-18,-0.003613198176016637,2.000000000007905,0.005097175016999266,2.00000000000031,-0.0012545333845124245,0
2023-09-19,-1.241027256059642e-16,2.0000000000078906,0.006557627115398473,0.0,-0.002232562537451186,0
2023-09-20,-0.010067901574072639,2.0000000000025002,-0.029434772208333265,2.000000000000079,-0.00446080790789709,0
2023-09-21,0.0012245988473268041,2.0000000000039937,-0.0027427023742360754,2.0000000000000977,-0.017255810076280676,0
2023-09-22,0.009678296362218845,2.0000000000002673,-0.009330073371529779,2.000000000000187,-0.0034820403649107813,0
2023-09-25,-0.06481751799566106,2.0000000000138893,0.014701940709181849,2.0000000000002496,0.0027353769986795686,0
2023-09-26,-0.006319921464019351,2.0000000000430846,-0.012494327500463207,1.9991465023750077,-0.01377939755681025,0
2023-09-27,0.01371812075389851,2.0000000001228644,-0.008897569961843795,2.000000000000359,0.001366432316244246,0
2023-09-28,0.004550057929055084,2.000000000022327,0.010801593773066548,2.0000000000007447,0.007548349947011482,0
2023-09-29,0.005535918287933419,0.0,1.7957760174621731e-16,0.0,-0.002868925405820988,0
2023-10-02,0.004018330480794422,2.0000000000040923,0.01483566220849592,2.0000000000003175,-0.010421524878462105,0
2023-10-03,-0.010926932096556324,0.0,-0.02681845054030536,2.000000000000151,-0.012504908708881532,0
2023-10-04,0.030667025595922725,2.0000000000076503,0.012391100637615712,2.000000000000117,0.006633722398893911,0
2023-10-05,-0.015621151775137017,0.0,-0.003931682556867591,2.0000000000001115,-0.003000076953832901,0
2023-10-06,0.01511663943530858,2.0000000000021303,0.013264459431600945,1.9999999999998765,0.009318332871248593,0
2023-10-09,0.07750596596384039,2.0000000000015965,0.06020469218492625,2.000000000000176,0.007784235332079395,0
2023-10-10,0.05738211268319797,2.000000000000036,0.010789246298373276,0.0,0.007912107949685563,0
2023-10-11,7.570802836759399e-17,2.0000000000000355,0.007904221303761245,2.0000000000000826,0.0020653774220349566,0
2023-10-12,-0.0011213789127118236,2.0000000000000373,-0.0030187882948673876,2.000000000000071,-0.013115980029034104,0
2023-10-13,-1.3256326298418957e-16,2.000000000000023,-0.013266186229884779,0.0,-0.002642809438026041,0
2023-10-16,0.003697637934253058,2.000000000000922,0.02049805223941832,2.000000000000099,0.01258934469644769,0
2023-10-17,0.036285794960521436,2.000000000001493,-0.007362285163253245,0.0,0.004747085261357085,0
2023-10-18,0.006930621023361895,2.0000000000000515,0.004998459480701925,0.0,-0.015973445799085773,0
2023-10-19,-4.281467847974541e-16,0.7057378039025215,-0.005374588537962149,0.0,-0.011623755726519925,0
2023-10-20,-0.02490916103130229,2.000000000004452,-0.0024491767399021733,2.0000000000001026,-0.011917945577229392,0
2023-10-23,-8.558401485351745e-16,2.000000000004451,0.01466474030166862,2.0000000000001004,-0.005244843244877111,0
2023-10-24,-0.015268767252554258,2.000000000000807,2.69157337994074e-15,1.9999999999998372,0.0075073218366508545,0
2023-10-25,0.04533449897420661,2.0000000000011875,-0.0015281682135541606,2.000000000000118,-0.012259789394851898,0
2023-10-26,-0.003932738676666904,2.0000000000000813,-0.006230972707271686,2.0000000000000693,-0.0019097445547521929,0
2023-10-27,-0.026185812428596494,2.0000000000003038,-0.022197365760803812,2.000000000000035,-0.010796047541520377,0
2023-10-30,-0.0013616300420798962,2.000000000000531,0.012305266223848246,2.0000000000000706,0.00773377879453031,0
2023-10-31,0.06545023020534811,2.000000000000637,0.14027994871139507,2.0000000000000475,0.009630878801697386,0
2023-11-01,0.11451298510711698,1.9999999999999718,0.027330514043570224,2.0000000000000684,0.004441836924766057,0
2023-11-02,0.09685500711203147,2.000000000000256,0.024882495403291346,0.0,0.022724797031552876,0
2023-11-03,-0.0299003012477808,2.000000000005274,0.034455165266991716,2.0000000000000484,0.01660960247952067,0
2023-11-06,-0.019020383276314397,2.0000000000039866,-0.027107818795279834,2.0000000000000737,-0.004996613229418934,0
2023-11-07,0.011820417828857501,2.0000000000041163,0.2847265005111693,2.000000000000065,-0.00032955659568512373,0
2023-11-08,-0.021352278068662297,2.000000000000802,-0.007770344936879322,2.000000000000105,-0.0017964254634471343,0
2023-11-09,-0.015205463698247577,2.000000000000359,0.04006904294820751,2.0000000000000764,-0.008292211771021865,0
2023-11-10,-0.0016495714662584334,1.527613611262643,0.008615569211543371,2.0000000000000586,0.011853809551402791,0
2023-11-13,0.039288972867749385,2.0000000000001763,0.0006549754762091045,2.0000000000000813,-0.0012372206534226953,0
2023-11-14,0.06440947204828334,2.000000000000116,0.025682271794178434,2.000000000000057,0.028310588021270514,0
2023-11-15,0.04632933437824281,2.0000000000000493,-0.00080427032662541,0.8574551905351535,0.003827437328822952,0
2023-11-16,-0.00010327523030351824,2.000000000000189,0.013950466178357485,0.0,-0.002817352044664136,0
2023-11-17,-0.00419022841378897,2.0000000000002016,-0.003678168635815181,2.0000000000000813,0.004950742280359232,0
2023-11-20,0.00917502134992925,2.0000000000001688,0.022536298260092975,0.0,0.004669094911103551,0
2023-11-21,0.010034898827326494,0.861039027512857,-0.01297690253704787,2.0000000000000666,-0.0017385628064270611,0
2023-11-22,0.02221647241482922,0.760547816041734,-0.02458759769797088,1.9999999999999307,0.004830898386331,0
2023-11-24,0.00837822014864861,2.0000000000000666,-0.006139840465040058,1.9999999999998082,0.003449221849190573,0
2023-11-27,0.013128734193741904,2.00000000000005,0.009753840044140715,1.9999999999999818,-0.0020651416818796287,0
2023-11-28,0.056091764557657166,2.000000000000093,0.03367006033658787,2.000000000000003,-0.000801722964254708,0
2023-11-29,0.013913306407631573,2.0000000000002087,0.03594536706805282,2.000000000000173,0.0038594067344150853,0
2023-11-30,0.017203235998768926,2.0000000000028013,0.025533582686248005,2.000000000000136,0.007918012844182053,0
2023-12-01,0.0059408168308448745,2.0000000000027947,0.11154049634933465,2.0000000000000697,0.014816374496715756,0
2023-12-04,0.015436614567673606,2.000000000000051,0.006953271571546711,0.0,-0.00029519648315598046,0
2023-12-05,-0.00012823416982078113,1.9925869480402245,-0.027306972071528487,0.0,-0.008191614416011975,0
2023-12-06,0.011229663936165347,2.0000000000000604,0.01846507005393513,2.0000000000000764,0.00012532334955164706,0
2023-12-07,0.023279401333069206,1.7781564312395188,0.012591348029673138,2.0000000000000866,0.0051992985032597635,0
2023-12-08,-0.010645460337394731,2.0000000000014415,0.009623024612665364,2.000000000000092,0.0038103997224655803,0
2023-12-11,0.005177672954385551,2.0000000000011617,4.3378406233545617e-16,2.0000000000000875,0.00855370575644377,0
2023-12-12,0.018080644309537968,2.0000000000085723,0.005626727826893409,2.000000000000091,0.002082029237637194,0
2023-12-13,0.030202340545230515,2.00000000000859,0.009043756872417142,2.000000000000103,0.019917179560980366,0
2023-12-14,-0.00013702105206568317,2.0000000000000786,0.07181687653064911,2.000000000000136,0.01241225216055787,0
2023-12-15,-0.043854914605620555,2.000000000000474,-0.021375846117735554,0.0,-0.0061424064095702315,0
2023-12-18,-0.006859713233994226,2.000000000002358,-0.0156817939132451,0.0,0.0015986370856839068,0
2023-12-19,-0.005137685686187863,2.000000000006436,0.002207716461271972,2.00000000000007,0.008018544042445678,0
2023-12-20,-0.011108390986954821,2.000000000009363,-0.007634366396815288,2.0000000000000973,-0.01653049184702348,0
2023-12-21,0.0029083890842129478,2.0000000000106457,0.005071643739939591,2.0000000000001084,0.011437748994548944,0
2023-12-22,0.005386753473442269,2.0000000000091456,-0.0023745920043436535,0.0,0.0028420270405376414,0
2023-12-26,-0.00017134552758317424,0.0,0.0007439363980669571,0.0,0.0056894097904010245,0
2023-12-27,-0.003113731509072302,2.000000000005751,0.00014855932386144145,0.0,0.0017323459057611863,0
2023-12-28,0.011264367960392504,0.0,-0.0016350831137968871,0.0,0.0014850828250630595,0
2023-12-29,-0.010198039002716677,2.000000000001301,-0.0028285929001870707,0.0,-0.0036445187455494683,0
2024-01-02,0.004914455581455698,2.0000000000000018,-0.0061210761778058105,0.0,-0.0011953993332231862,0
2024-01-03,0.0147351160857494,2.000000000000102,-0.0049514770507817505,2.0000000000000804,-0.013040707385217553,0
2024-01-04,0.011743699505682895,2.000000000000064,-0.000622220919467574,2.000000000000069,-0.0008897035256745721,0
2024-01-05,0.02338420972228056,2.0000000000000355,1.0673409954146804e-16,2.000000000000077,0.0023060425352202933,0
2024-01-08,0.029727008647327687,2.0000000000001568,0.027372155338526872,2.000000000000104,0.011367953185371647,0
2024-01-09,-0.0030306696870993823,2.000000000000671,0.012464444787574563,2.0000000000001057,-0.004557475729057105,0
2024-01-10,0.01147849171724891,2.0000000000006013,0.0002831808815248662,2.00000000000006,0.0019504749183172404,0
2024-01-11,0.016996295905707604,2.0000000000000773,0.009549266658723235,0.0,-0.002567482565680479,0
2024-01-12,0.009904274856037548,2.0000000000000306,-0.0036070903297510063,2.000000000000072,-0.0009096676987388934,0
2024-01-16,0.023536383600369283,1.4790521639235115,-0.022454356774687954,2.0000000000000897,-0.006460184453854543,0
2024-01-17,0.00851125378327022,2.0000000000000093,0.004249090328812457,2.0000000000000506,-0.007380090997747052,0
2024-01-18,-0.006409010384162202,2.000000000004434,-0.006276188418268958,2.0000000000000373,0.005325428602635858,0
2024-01-19,0.35936295986174055,2.0000000000064624,0.01553329918533863,2.000000000000006,0.00890466011446325,0
2024-01-22,0.015898760071796983,1.9999999999999922,0.030423328280449063,2.000000000000036,0.004937819427772966,0
2024-01-23,0.015020728111266708,2.0000000000000107,0.048459526151418734,0.0,0.0008775857563460286,0
2024-01-24,0.07840671390294858,2.000000000000001,-0.026203902438281898,2.000000000000005,-0.005395970094472424,0
2024-01-25,0.011650351807475385,1.9999999999999039,0.031632319092750265,0.0,0.00904999428050592,0
2024-01-26,0.021208396797506895,2.0000000000001097,0.0036768000572918315,0.0,0.0006252224172027841,0
2024-01-29,0.038900893495117474,2.000000000000047,-0.003586003324016725,2.000000000000049,0.006656233670818875,0
2024-01-30,0.07771474573949924,2.0000000000000173,0.007967113541642834,2.000000000000071,0.0006679277605086216,0
2024-01-31,0.06184031814336706,2.0000000000000187,0.06652049720287033,2.00000000000002,-0.012324575579671995,0
2024-02-01,5.0140744987520375e-05,2.0000000000038245,0.006499601062387927,2.0000000000000706,0.01198024565305396,0
2024-02-02,0.15665221950687933,2.0000000000062697,0.056201145052909705,2.0000000000000657,-7.62399924747523e-05,0
2024-02-05,0.07763209399957094,2.000000000000027,-0.01632916927337687,2.000000000000052,-0.009030029879563254,0
2024-02-06,0.11661775295470668,2.000000000000008,0.011619567871094095,2.000000000000047,0.006778598012895239,0
2024-02-07,0.10428583621978794,2.000000000000032,0.0049751610495153515,2.0000000000000653,0.004473500800226769,0
2024-02-08,0.1679352819919585,2.000000000000039,-0.008486595004796762,0.0,0.0028641037323634184,0
2024-02-09,-0.014040590516057123,1.9999999999999827,0.019730839878320926,2.0000000000000493,0.002368024657905648,0
2024-02-12,0.09384464472532307,2.000000000000035,0.008527966216205872,1.9999999999999614,0.006055256367571365,0
2024-02-13,-0.005308640862308393,1.9999999999999936,-0.04431551322341009,2.0000000000000435,-0.015791280970870594,0
2024-02-14,-0.0007002421151300016,2.0000000000009366,0.01379878632724396,2.0000000000001297,0.010548845718761378,0
2024-02-15,0.002783380681650245,2.0000000000014992,0.05520403385162705,2.0000000000002105,0.012196144966026279,0
2024-02-16,0.029871031813358748,2.000000000000119,-0.009017058648169434,2.0000000000001457,-0.003956216033630025,0
2024-02-20,0.02055209389378007,2.000000000000037,-0.008569472469389883,2.000000000000102,-0.0035283950748776706,0
2024-02-21,0.0012187916943558821,2.000000000001435,-0.02155125513672807,0.0,0.002620374787889131,0
2024-02-22,0.056072946637869346,2.000000000001797,0.010055811144415769,1.9999999999998574,0.011986157230335982,0
2024-02-23,0.012303792184190438,2.0000000000000413,0.02762650632058119,2.0000000000002545,0.002477710228401725,0
2024-02-26,0.03929765439856763,2.0000000000000253,0.0041930591272822644,2.000000000000548,-0.0037712518985323026,0
2024-02-27,0.19836784899234733,2.0000000000000213,0.020329508958605916,2.00000000000044,0.004924446270643003,0
2024-02-28,-9.101076177366267e-16,1.9999999999999716,0.010033018887043188,0.9776822018242314,0.0006958444500778858,0
2024-02-29,0.06379313392022483,2.0000000000000266,0.0007821874460234655,2.000000000000203,0.005704620293224349,0
2024-03-01,-1.8789409421913031e-16,2.000000000000001,0.015402897964156987,2.000000000000251,0.005849088399173922,0
2024-03-04,0.010693020187318462,2.000000000000063,0.012556646950543128,1.1023340998698432,0.0032582289397301983,0
2024-03-05,-0.03312611207369948,2.0000000000045066,0.002541086170821876,0.0,-0.005796217086122295,0
2024-03-06,0.0007176925572761079,2.000000000004352,0.031049760058523904,2.000000000000164,0.006869349861154474,0
2024-03-07,-0.011524727567978153,2.0000000000075344,0.0114678610116251,2.0000000000001994,0.0077358079006026766,0
2024-03-08,-0.008498123846948582,2.0000000000071188,-0.01587294787168512,0.0,-0.0013043344429560623,0
2024-03-11,-0.0017345501109953308,2.00000000000035,-0.0068436552179435345,2.000000000000087,0.0014931104174873673,0
2024-03-12,0.011156183667485343,2.0000000000017453,0.009579365141689201,1.0733397466430383,0.0031962806453680647,0
2024-03-13,5.925868411848428e-17,2.0000000000026894,-0.01605956815183198,2.000000000000143,0.0011242736259073586,0
2024-03-14,0.0011972021730457607,2.0000000000000457,0.003359573427586306,0.0,-0.00864746993695639,0
2024-03-15,-3.84360901822915e-17,2.00000000000003,-0.00549062286104556,2.000000000000337,-0.0018140816472716139,0
2024-03-18,-0.0028285235166458883,2.000000000003424,-0.0010331632802243872,2.0000000000003713,0.0030809605541979907,0
2024-03-19,0.015968507888473028,2.000000000003317,0.031844019889830356,2.0000000000006795,0.005648969678342307,0
2024-03-20,5.300179311282169e-16,2.0000000000000226,0.014709152281285689,2.0000000000005285,0.009153879735356371,0
2024-03-21,4.754914655248453e-16,0.0,-0.040857385843991345,0.0,0.007261049493438091,0
2024-03-22,-2.951801950057868e-16,0.0,0.02092645689845043,2.000000000000159,-0.006158814818114777,0
2024-03-25,-2.464292498378931e-16,0.0,-0.001525816624053148,0.0,-0.0015993062529060893,0
2024-03-26,-4.11324656838875e-16,1.0000000000001075,0.0065156370401383045,2.000000000000151,-0.0014073849583901262,0
2024-03-27,5.596581055589247e-16,2.000000000000096,0.01874216087162567,2.0000000000001203,0.014873872840409436,0
2024-03-28,0.041904840618372005,0.0,-0.07266662269830701,2.000000000000055,0.003956101362257935,0
2024-04-01,0.004533352604533221,2.0000000000000595,-0.0064702308736743225,0.0,-0.005421010023689928,0
2024-04-02,-0.021600333973765547,2.0000000000000235,-0.014223355799913913,2.0000000000000644,-0.008523687260824222,0
2024-04-03,0.054355806756274466,2.000000000000036,0.013744582422076141,2.00000000000002,0.001486403418802112,0
2024-04-04,0.03311211157011842,2.0000000000000395,-0.0347317494451952,1.9999999999996838,-0.010862613664953362,0
2024-04-05,0.02768616937105497,2.0000000000119726,0.005692477814830407,1.9999999999996838,0.007225963654353384,0
2024-04-08,0.010171740315854622,2.0000000000140976,-0.024665282298585164,2.000000000000094,0.0026767627948543296,0
2024-04-09,0.03606802353860669,2.000000000000043,0.017005072906613444,2.0000000000000635,0.0030021242588288972,0
2024-04-10,0.01974149607121889,2.000000000000021,0.0012982307234783764,2.000000000000025,-0.015631263523622593,0
2024-04-11,-0.00968649424612475,2.000000000000062,-0.5314018726348736,2.000000000000034,-0.0002681913870101438,0
2024-04-12,-0.021523045375957357,2.000000000001087,-0.03844485431909733,2.0000000000001705,-0.015278023033085796,0
2024-04-15,-0.022797370329509535,0.0,-0.015377544797957608,2.0000000000001434,-0.009526296981231077,0
2024-04-16,-0.011760690249835816,2.0000000000587406,-0.002384094987064982,0.0,-0.004919300821294126,0
2024-04-17,0.0016899493057067451,2.000000000035497,-0.009618748910724213,1.9999999999999674,-0.0022827565478369645,0
2024-04-18,0.012769557535633438,2.000000000021287,-0.014977753162383877,0.0,-0.000634531846329567,0
2024-04-19,-0.04131133854396077,2.00000000001173,0.0009503662586202971,0.0,0.001997278275637713,0
2024-04-22,0.015718493610665372,2.0000000000105045,0.005090834572911637,2.000000000000129,0.008158849721784682,0
2024-04-23,-0.005920405536873154,2.000000000004548,0.03653258830308973,2.0000000000000675,0.009806934817169677,0
2024-04-24,0.03553687296536521,2.0000000000000697,0.006417701486497575,2.0000000000000266,0.0016891893447862315,0
2024-04-25,0.10498722971628649,2.0000000000000497,0.017681155353784415,0.0,-0.0024949587140564717,0
2024-04-26,0.016755426302552084,2.0000000000000457,0.005310474894940743,2.0000000000000515,0.002253897282095791,0
2024-04-29,0.015322287337829879,2.0000000000000577,-0.00034141971264031534,1.9999999999998712,0.006599650193938051,0
2024-04-30,0.01560458536762623,1.9999999999999813,-0.028380148112774624,2.0000000000000924,-0.015060895683068783,0
2024-05-01,0.06700212295885113,2.00000000000004,-0.003281881567091014,0.0,-0.0032707733767754965,0
2024-05-02,0.05269423292842581,1.999999999999976,0.004609775729477958,0.0,0.0073367801263314715,0
2024-05-03,0.036817792672971444,2.0000000000000413,-0.010309929028152547,2.0000000000000933,0.006931870285673843,0
2024-05-06,0.023336773852525975,2.0000000000000284,0.00633633090183189,2.0000000000000924,0.008804129926032828,0
2024-05-07,0.03339920274964259,2.000000000000022,-0.009363894350826771,0.0,0.00220859563158232,0
2024-05-08,0.030279864793890617,1.9976027150468707,0.006032823584973814,2.000000000000061,-0.0005605217971577136,0
2024-05-09,0.08189644236011503,1.6649778091195921,0.017989940941334045,0.0,0.008759466099056184,0
2024-05-10,0.00828301826744705,2.0000000000000204,0.025526311248540965,0.0,0.0018407297280762344,0
2024-05-13,0.08556345850229265,2.0000000000000426,-0.009147768840193757,0.0,-0.0009159319822924181,0
2024-05-14,0.017860086336159427,2.0000000000000515,0.032957442104816624,0.0,0.004377205758862988,0
2024-05-15,0.01587418280541927,2.00000000000005,-0.0010106068802982102,1.9999999999999878,0.00898277305137951,0
2024-05-16,0.01678945701891805,2.000000000000031,-0.0048623085021974296,1.9999999999999711,-0.001686919029213211,0
2024-05-17,0.009094252140789537,1.5844719718803653,-0.03023193776607489,0.0,0.0019663602187194955,0
2024-05-20,0.009710376004747806,0.871040946618723,-0.005825244821608099,2.0000000000000435,-0.00013931203819468615,0
2024-05-21,0.027150364418457654,1.9284062487150881,-0.0034858391154558065,0.0,-0.0006390868452408521,0
2024-05-22,0.023812747585249292,2.000000000000066,-0.002381601138040573,0.0,-0.0038057460168603933,0
2024-05-23,0.010131873495692324,1.811097975965793,-0.0051694517023888635,1.999999999999882,-0.013806029498114013,0
2024-05-24,0.08401663496650918,2.000000000000024,0.011403015814721239,0.0,0.0067874208965470395,0
2024-05-28,0.026637332227755408,2.0000000000000417,-0.0013780300505461971,2.000000000000093,-0.007275899272454643,0
2024-05-29,-0.025679815560579602,2.0000000000000475,-0.02174996584653901,2.0000000000000537,-0.010909618756665518,0
2024-05-30,0.004375952295958281,2.0000000000000933,0.015594665892422156,2.000000000000012,0.003785505879169865,0
2024-05-31,0.0208726077943127,2.0000000000001252,0.01027420628815929,2.0000000000000804,0.012220413047699965,0
2024-06-03,0.04640339013831672,2.000000000000047,-0.003496407764032597,2.000000000000052,-0.0048005525440277625,0
2024-06-04,-0.012821890413760618,2.0000000000000506,0.012495725415646763,2.0000000000000844,-0.0023564386750597453,0
2024-06-05,0.02929989852783503,2.0000000000000844,-0.004605444613843702,2.000000000000087,0.006570688047092939,0
2024-06-06,0.0571590160885622,2.0000000000000213,-0.006211148574948407,2.0000000000000706,-0.002115978031408935,0
2024-06-07,-0.0028907222537123407,1.999999999999957,0.013024971820413733,2.0000000000000426,-0.003194788913023949,0
2024-06-10,0.026022060761072267,2.0000000000002833,0.24259981513023393,2.0000000000000755,0.003620344999523628,0
2024-06-11,0.012701479914451965,2.0000000000000875,-0.002039064801198452,1.9999999999999538,-0.0036842218616426493,0
2024-06-12,0.02778431586921254,2.000000000000048,0.03548083081841505,0.9332426397832727,0.0055405989285958,0
2024-06-13,0.011417911675479727,2.000000000000137,-0.017072547227144335,2.0000000000000866,-0.002792514973632482,0
2024-06-14,0.05997927859425447,2.000000000000091,0.017514038830995164,2.0000000000000737,-0.0062559832768528,0
2024-06-17,-0.00836705882099705,2.000000000001876,-0.006824334152042423,0.0,0.007080173778514742,0
2024-06-18,-0.0034693455000171956,2.0000000000076303,0.03511981666088121,0.0,0.002711012581043353,0
2024-06-20,-0.008952904492563488,2.000000000009912,-0.03540348261594768,0.0,0.0011712157398131985,0
2024-06-21,0.00033779098890484704,2.0000000000151887,-0.027632670477032443,2.0000000000000933,0.0015054771830108223,0
2024-06-24,-0.009419554844497907,2.0000000000158447,-0.00941955484449852,0.0,0.00459585868499967,0
2024-06-25,-0.015782175585366737,2.000000000009072,0.003942482971443584,2.000000000000119,-0.00623542976165641,0
2024-06-26,-0.0010166026186184092,2.0000000000361564,0.012828123755753061,2.0000000000000906,-0.003735349554493998,0
2024-06-27,-0.025621309876445095,2.0000000000105307,-0.012354931794106825,2.0000000000000635,0.001796760004368251,0
2024-06-28,0.004030692391078162,2.0000000000087717,0.0005859325174242689,0.0,0.000506432803732621,0
2024-07-01,0.008046282455324731,2.0000000000017004,-0.04430014267563789,2.000000000000054,-0.00690060226231785,0
2024-07-02,-0.010282616130972371,2.000000000004058,0.01313544623553825,0.0,0.004231721971400347,0
2024-07-03,0.030615448914588974,2.0000000000045386,0.04573243856430009,2.0000000000001323,0.0009464110647053539,0
2024-07-05,0.02082066982984343,1.0768389673481074,-0.01909879408776756,0.0,-0.000574789180922482,0
2024-07-08,0.00760209653523709,2.0000000000054157,-0.002777490299194861,2.000000000000097,0.0017003837505591558,0
2024-07-09,0.004027338024843299,2.0000000109438307,-0.006818447262047899,2.0000000000002847,-0.0018081201483446038,0
2024-07-10,0.018663574190304132,0.0,0.013947178609671632,0.0,0.008660101399494193,0
2024-07-11,0.05851842108991293,0.0,-0.015064998896056852,2.0000000000002847,0.011187075237931074,0
2024-07-12,-0.0009442649198170156,0.0,0.038785737007857646,1.7914388307946958,0.008137080454587761,0
2024-07-15,-0.004889990202963813,1.999999996979048,0.007063020486384939,2.0000000000001608,0.0015720350462132358,0
2024-07-16,0.053419530392468426,2.0000000000438014,0.008599453605712536,2.000000000000104,0.01684879019400202,0
2024-07-17,-0.02207651734322286,0.0,-0.022076517343520986,2.0000000000001363,-0.004820852476540043,0
2024-07-18,-0.00906660263883841,2.000000000050723,0.011466138064859776,0.0,-0.008467370882677284,0
2024-07-19,-0.0030357830692174497,2.0000000000042246,-0.0077288521066571384,2.000000000000159,-0.005864384920173534,0
2024-07-22,-0.008704872801886579,0.0,-0.015613411553203508,1.0731756646914519,0.008962037708993004,0
2024-07-23,0.016874572333452523,2.0000000000017906,-0.0035330653190613344,0.0,-0.003262285456874527,0
2024-07-24,-0.02008094638589372,2.000000000003255,0.001810606918296911,0.0,-0.013341149912854077,0
2024-07-25,0.010116158053281884,2.0000000000025246,0.01327974349260343,2.000000000000111,0.0002869640278561176,0
2024-07-26,0.0016453197460151359,2.000000000003847,0.023485135287047394,2.000000000000115,0.014568492606144673,0
2024-07-29,-0.006988166831420132,0.0,0.014628539793193675,2.0000000000001403,0.0014565417475609422,0
2024-07-30,0.10878570874130444,2.000000000005323,-0.009091609157620749,0.0,0.0034978125157706557,0
2024-07-31,0.007598220836384863,2.000000000000771,0.0015182340284813915,2.0000000000000853,0.006103317778031928,0
2024-08-01,-0.006154031027109037,2.0000000000011418,-0.013682357035577037,2.0000000000000653,-0.011211837875088532,0
2024-08-02,0.00930954981572763,2.0000000000060822,-0.024241674691440254,2.0000000000001497,-0.018746115132214074,0
2024-08-05,-0.019124468788554658,2.0000000000067133,-0.019818058893625912,2.000000000000116,-0.023496025716402604,0
2024-08-06,0.004047927521104117,2.0000000074718174,0.003925013821573584,2.000000000000161,0.011562818163633392,0
2024-08-07,-0.005298889485408192,0.0,-0.01170425489544891,2.0000000000002407,-0.0077968849225276225,0
2024-08-08,0.03637339174748984,2.000000007471502,0.017764691263441948,0.0,0.020436058297266295,0
2024-08-09,-0.002468444174155503,2.000000000001674,0.009593607857823552,2.000000000000272,0.0025294138590879352,0
2024-08-12,-0.013683920726180078,2.0000000000010285,-0.008669613860547518,2.0000000000000533,-0.00450572514748052,0
2024-08-13,0.03159241399269553,2.0000000000000373,0.012976922094822414,0.0,0.01211544107918199,0
2024-08-14,0.005250304937363178,2.000000000000341,0.0013510733842854669,2.000000000000082,0.0026687505200599132,0
2024-08-15,0.010072717443113822,0.0,0.01737944595515864,0.0,0.014100769051545725,0
2024-08-16,-0.0022443419660321848,2.000000000000746,-0.004349654074757951,0.0,0.0025345012115345618,0
2024-08-19,0.007636072322493922,2.000000000000628,0.02297675237059708,0.0,0.007929943951472056,0
2024-08-20,-0.007038501425262086,2.000000000000082,0.00013241809210684524,0.0,-0.0043265963363510115,0
2024-08-21,0.011902491562075826,2.000000000000553,0.009588156826794616,0.0,0.007733961398875482,0
2024-08-22,-0.018005734309555856,2.0000000000004374,0.0033196727745232633,2.0000000000000973,-0.0035405913612795653,0
2024-08-23,0.03759199753403716,2.000000000000731,0.012837387621403542,0.0,0.013158561053476481,0
2024-08-26,-0.0026409402489741803,2.0000000000021885,-0.0224935337901114,2.00000000000007,-0.000754098451296725,0
2024-08-27,0.0033502043224605304,2.0000000000024154,0.008831997402012367,2.0000000000000693,0.00034481672163585205,0
2024-08-28,0.017110140994186444,2.0000000000008686,-0.003036190290004235,2.000000000000069,-0.003531416320222701,0
2024-08-29,0.01551756449043801,2.00000000000043,0.011708578094837897,1.9999999999997677,0.003658168370682818,0
2024-08-30,-0.011350355111049697,2.0000000000010147,0.006676851306112242,0.0,0.008434034681933822,0
2024-09-03,0.03151885751872545,2.0000000000010885,-0.024416593834758533,2.000000000000159,-0.014466809530452238,0
2024-09-04,0.00035453939926821676,2.0000000000001394,0.018992012366652405,2.0000000000000853,-0.0012955529563116867,0
2024-09-05,0.003603766448388712,2.00000000000015,0.0038982823025432,0.0,-0.006019573129084753,0
2024-09-06,0.0021254494445990344,1.9999999999999636,-0.00042473859503011093,0.0,-0.011911986225967721,0
2024-09-09,0.05103582516312643,2.0000000000000653,0.002731276908890114,0.0,0.010743086751431465,0
2024-09-10,0.11437571793794603,2.000000000000042,0.010714274831116272,0.0,0.0005217946672565446,0
2024-09-11,0.1460795517489429,2.0000000000000018,-0.01784733124077292,0.0,0.002820279929720871,0
2024-09-12,0.0733173684817276,2.000000000000019,0.005975950043648855,0.0,0.006172904079379034,0
2024-09-13,0.1083550825715067,1.3657078841973707,0.007880112156272571,0.0,0.0099772670166962,0
2024-09-16,0.02581358034988912,2.00000000000003,-0.0019244006834919054,0.0,0.0069865816972187545,0
2024-09-17,0.03211127782195569,2.0000000000000218,-0.0075927549041806255,0.0,0.002168130280700709,0
2024-09-18,0.03498855720255124,2.0000000000000226,-0.007407987955957697,0.0,-0.001688627856130911,0
2024-09-19,0.02380189475336142,2.0000000000000364,-0.008747624233364355,0.0,0.011673067620568633,0
2024-09-20,0.22292564809322288,2.0000000000000346,0.007960966788231992,0.0,-0.0031356522839870987,0
2024-09-23,0.0005957962712274858,2.00000000000004,0.009245077148080243,0.0,0.005070808772130138,0
2024-09-24,-0.02766796387732028,2.00000000000004,0.003973947837948925,2.0000000000000844,0.0016832932868894345,0
2024-09-25,0.014283319151531812,2.0000000000000417,0.00596198905259342,2.0000000000000706,-0.006424395074823778,0
2024-09-26,0.07134643927503206,1.6671155811455733,0.1473322361707691,2.0000000000000604,0.008111665184596694,0
2024-09-27,0.02709084647603574,2.000000000000039,-0.004881618078797753,2.0000000000000515,0.0038413851193808564,0
2024-09-30,0.010636774987275032,2.000000000000031,0.004427619278430917,2.0000000000000404,0.0016576067137937648,0
2024-10-01,0.03973292673800055,2.0000000000000293,-0.028232596783588325,1.9999999999998708,-0.005312674279715549,0
2024-10-02,0.013186488633602198,1.8900567313552203,-0.006680944468826082,1.9999999999998859,-0.0009635357005272326,0
2024-10-03,0.044612722045079684,1.8054553043677561,-0.02021845988929285,2.000000000000055,-0.004284162683939438,0
2024-10-04,0.014459346421063531,2.0000000000000266,-0.00949985254555899,2.000000000000017,0.007657916415948652,0
2024-10-07,0.0952363908290859,2.000000000000022,-0.006003645248711177,1.99999999999996,-0.008140066780869457,0
2024-10-08,0.020488277215028182,2.000000000000032,0.004587901756167465,1.9999999999999711,0.0036674560450376216,0
2024-10-09,0.007155349012464396,2.000000000000019,-0.0018059900030489217,2.0000000000000187,0.006957871958491635,0
2024-10-10,-0.01475443597882992,0.0,0.016283547505735695,0.0,-0.0036896774258049565,0
2024-10-11,0.014443050138653053,2.0000000000000653,-7.415898289712265e-05,0.0,0.010160660827275065,0
2024-10-14,0.02250145105648732,2.00000000000001,0.024258239194750963,0.0,0.0068841143795738725,0
2024-10-15,0.0036825097631662295,2.0000000000000546,-0.046860352158545775,0.0,-0.0037835347934969017,0
2024-10-16,0.01098350249230872,0.0,0.010638291016221579,2.0000000000000813,0.006442423449934249,0
2024-10-17,-0.010328507050871872,0.0,0.008013075325454503,1.999999999999982,-0.0018479723327696979,0
2024-10-18,0.03255789726972599,2.0000000000000355,0.007814165204763595,0.7302655375130886,0.0034154903443955487,0
2024-10-21,0.01500380132347322,2.000000000000071,0.0025865521747614182,2.000000000000063,-0.008031855626849684,0
2024-10-22,0.014973429031669094,2.000000000000094,0.003998023518168642,2.0000000000000613,-0.004214371364405579,0
2024-10-23,0.006923227105292873,2.000000000000427,-0.028066189959645386,0.45554766165662763,-0.0032201853553818424,0
2024-10-24,-0.0006020474829739606,2.0000000000004787,0.006090610753744787,0.0,0.0004377885769665551,0
2024-10-25,0.0015487199416338675,2.0000000000008127,0.008047810755669817,0.0,-0.004663241069075282,0
2024-10-28,-0.001816711970572221,2.0000000000050644,-0.007206383626907793,0.0,0.005256208331036781,0
2024-10-29,0.003835042938586407,2.000000000006483,0.005194928497075919,0.0,-0.0027309467497068185,0
2024-10-30,-0.00342552014627495,2.0000000000027227,-0.013522137887775992,0.0,-0.000899986241926242,0
2024-10-31,-0.013166295364537256,0.0,-0.0038506863112167614,2.0000000000000577,-0.011158713583412493,0
2024-11-01,0.0027664725203109274,2.0000000000030225,-0.012553612701594821,2.000000000000082,0.0006379725736280194,0
2024-11-04,0.013015113815557196,2.0000000078687887,0.0010206128936261689,2.000000000000096,0.0016323838173045808,0
2024-11-05,0.021328848078393792,0.0,0.00944782793521994,0.0,0.012630783199761833,0
2024-11-06,0.06651047518977789,2.0000000078522833,0.14751031994819874,2.000000000000107,0.023560041229439495,0
2024-11-07,0.02091550268251065,2.0000000000345644,0.02904378995299348,0.0,0.002610792165462712,0
2024-11-08,0.009294850752069666,2.0000000000331912,0.28678399324417064,2.0000000000001075,0.005768062320118212,0
2024-11-11,-0.011570149101282762,2.0000000000363203,0.02148615941405342,0.0,0.005605527350610259,0
2024-11-12,-0.004958917386895479,2.000000000008802,-0.0015752896433700162,2.0000000000001035,-0.006970116221025876,0
2024-11-13,0.029501711949715344,2.000000000008268,0.0034589427523315586,0.0,0.0001634284275198892,0
2024-11-14,-0.0033003890421269746,2.0000000000039053,0.0023584568407383306,0.0,-0.007402572757393116,0
2024-11-15,0.021750560295046812,2.0000000000003877,0.011402728967368035,0.0,-0.007399167146131674,0
2024-11-18,0.0043204205266394345,2.0000000000003633,0.008709147572517697,0.0,0.0054294921301879006,0
2024-11-19,0.018303221091627724,2.0000000000004245,0.3124419450759887,2.0000000000000933,-0.0014998033475203988,0
2024-11-20,-0.014301688410320012,2.0000000000056355,-0.08737181127071365,0.0,0.0035225886543025307,0
2024-11-21,0.048204012215247824,2.000000000014358,0.1511628478765496,0.0,0.012850073752327327,0
2024-11-22,-0.018935918807872543,0.0,0.11616163700819088,0.0,0.008307977274205245,0
2024-11-25,0.015596229583025954,2.0000000000087996,-0.06705193966626964,2.0000000000001465,0.009400432400749658,0
2024-11-26,0.004012982361044231,2.0000000000213465,0.009296839245292196,2.0000000000001186,-0.0003444134993927123,0
2024-11-27,0.002032809528823756,2.0000000000245195,-0.011539674364030418,2.0000000000000595,-0.0005681879628538443,0
2024-11-29,-0.006160131189970841,2.0000000000014926,0.021501507610082696,0.0,0.002798058610882683,0
2024-12-02,-0.003985122311856155,2.0000000000012337,-0.06139535456895851,2.0000000000001448,-0.0019633439288171614,0
2024-12-03,-0.016750998795025927,2.00000000000244,0.04637588933110196,0.0,-0.0037169847088813525,0
2024-12-04,0.012469089590013072,2.0000000000042717,0.03979115560650831,2.00000000000014,0.00018354520911154282,0
2024-12-05,0.019235638687419405,2.0000000000001545,-0.029742384329438522,2.0000000000001115,-0.005011880595905998,0
2024-12-06,0.032330109441944456,2.0000000000000795,0.0033612526021896895,2.000000000000056,-0.0002976369717084716,0
2024-12-09,0.014665924108121288,2.00000000000005,-0.008517239242791937,1.9999999999999702,-0.0043445190636637685,0
2024-12-10,0.016681646928191136,2.0000000000000475,0.001553270150907046,2.0000000000000986,-0.0068150015525564435,0
2024-12-11,0.04007276377005429,2.000000000000034,0.0035454536368249344,2.0000000000000786,0.000917088575870602,0
2024-12-12,0.0031482829631745354,1.948909219203907,0.0044846641653202395,0.0,-0.0034797679801338377,0
2024-12-13,-0.0010465615828145428,2.000000000000233,0.0006855351966803218,2.0000000000000613,-0.0037378423735635316,0
2024-12-16,0.01605211534687184,2.0000000000002185,-0.002971416339278375,2.00000000000006,-0.00334814225523391,0
2024-12-17,0.003398596275548726,2.000000000000796,-0.0075108455494049394,2.000000000000059,-0.006952357100249763,0
2024-12-18,-0.03586453199387115,2.0000000000008207,-0.02967941574752483,2.0000000000000675,-0.02936158334428736,0
2024-12-19,0.017045926302636988,2.0000000000042624,0.01404086127877109,2.0000000000000124,-0.004117664621926287,0
2024-12-20,0.02167210898054421,1.9999999925558565,0.012171090580524142,0.0,0.013748507045411335,0
2024-12-23,-0.006555778856898472,0.0,-0.0034547699615358964,2.0000000000000577,0.001690855076156153,0
2024-12-24,0.0076014315709896346,1.9999999925567964,0.019944011456665394,2.000000000000028,0.008153400354843935,0
2024-12-26,0.00040352647193841383,2.000000000007744,-0.001862113247625558,2.000000000000027,0.0009129793507743746,0
2024-12-27,-0.03334005549555384,2.0000000000090075,-0.00431836815551145,0.0,-0.007349557094631471,0
2024-12-30,0.000626522174496795,0.0,0.003503346117212844,2.0000000000000933,-0.009642581811031031,0
2024-12-31,-0.03443860262632244,0.0,-0.023274362087249704,0.0,0.0011454964144590606,0
2025-01-02,-0.023109434383260578,1.9999999702144522,0.014990630559623248,2.000000000000056,-0.0021721559479590292,0
2025-01-03,0.06644696673565108,1.9999999702139584,0.010101511143148454,2.00000000000006,0.009930877961711437,0
2025-01-06,-0.021586202085042312,2.0000000000074953,0.0012113433331256416,2.0000000000000977,3.391938425303435e-05,0
2025-01-07,-0.019341021776200343,2.0000000000043716,-0.011474992148578713,2.0000000000000644,-0.004186239078046197,0
2025-01-08,0.00307659822574079,2.000000000002174,0.013796403072774679,0.0,0.001811083493594051,0
2025-01-10,-0.03256379440431349,2.0000000000036295,-0.02007631585002043,0.0,-0.015731560672134805,0
2025-01-13,-0.002946357941278007,2.000000000051106,0.005137545987964522,2.000000000000015,0.007823925968214261,0
2025-01-14,0.05907262116672138,2.000000000049165,0.03448648750782025,2.0000000000000777,0.007719316161750024,0
2025-01-15,0.0141754718502302,2.000000000036801,0.03400141000747721,2.000000000000077,0.010191730313608842,0
2025-01-16,-0.009014084935169416,2.0000000000519274,0.013707942329347023,2.0000000000000533,0.00795536302342328,0
2025-01-17,0.011769871227444282,2.0000000000095577,-0.0011838887585322087,0.0,0.005259812989461644,0
2025-01-21,-0.01168807274229402,2.000000000000497,-0.0018092495156446248,0.0,0.012211841318555692,0
2025-01-22,0.008578666485845918,2.0000000000003393,-0.007875698618590594,0.0,-0.00340510982123251,0
2025-01-23,0.04306585714220996,2.000000000000021,0.0022185659036042214,2.000000000000056,0.004555515872779072,0
2025-01-24,-0.01734978705644612,2.000000000000043,-0.0021214310545474508,0.0,-0.0004906889714226043,0
2025-01-27,0.022202180698513953,0.0,0.03280760347843146,2.0000000000000533,0.0006083080769968946,0
2025-01-28,-0.03800001367926613,0.0,-0.018521873280406085,2.000000000000056,-0.0037740091172531673,0
2025-01-29,-0.012286579236388373,0.0,-0.0029694829136135176,0.0,-0.0030509232443026797,0
2025-01-30,0.022041412070393954,0.0,0.016728986054659358,0.0,0.010416030698361063,0
2025-01-31,-0.015280214138329268,0.0,-0.011031493544578903,0.0,-0.007290304715772395,0
2025-02-03,-0.03476471081376098,0.0,-0.009426814503967929,2.000000000000058,-0.005997095812129694,0
2025-02-04,-0.018908567726612795,2.0000000000024216,0.01101834047585693,2.0000000000000107,0.0012001676144366624,0
2025-02-05,0.0001861958007793414,2.000000000002377,0.009734408929944375,0.0,0.0056505671649694465,0
2025-02-06,-0.006450577639042907,0.0,0.0116315754130487,0.0,-0.0012038498966731115,0
2025-02-07,-0.02347623556852327,0.0,0.022545520216226363,2.000000000000012,-0.004741747370386807,0
2025-02-10,0.005321593955159281,2.000000000000061,0.017160721123218682,2.0000000000000435,0.0037782830030177565,0
2025-02-11,-0.0031444714404643597,2.0000000000000533,0.0003067144716624425,0.0,-0.000579115478811621,0
2025-02-12,-0.025884766131639605,0.0,-0.025884766131639397,2.000000000000055,-0.005131483941518227,0
2025-02-13,0.005631202831864703,0.0,0.03164555132389129,2.00000000000006,0.008357631566541238,0
2025-02-14,0.007127479184418962,2.000000000000059,0.026313919574022158,0.0,-0.0009689360094762555,0
2025-02-18,0.01932442560791993,0.0,0.018903613090515303,2.0000000000000417,0.006915498415677749,0
2025-02-19,-0.006083223968744146,0.0,0.018675871193408872,2.000000000000071,0.002513967222230911,0
2025-02-20,-0.018074313178658603,0.0,-0.0004960714770630356,2.0000000000000595,-0.003181585590617671,0
2025-02-21,0.01015377696602291,2.000000000000869,-0.017439553514123702,1.6622486674507297,-0.014766685943761546,0
2025-02-24,0.02116709095354756,2.000000000000872,-0.004620254971086835,2.0000000000000964,0.0005370349033750563,0
2025-02-25,0.007233195472539647,2.000000000004437,0.014821546152233892,2.000000000000086,0.0005595262384064447,0
2025-02-26,-0.009525375440747984,0.0,-0.023691253736615316,2.0000000000000737,-0.0015029012309917121,0
2025-02-27,-0.004303925670683569,2.0000000000056266,0.01524327415972894,2.0000000000000817,-0.009039703180484889,0
2025-02-28,-0.0069683915935092,2.000000000005047,0.006291042082012682,2.000000000000099,0.011688118542130003,0
2025-03-03,-0.0874397009612026,2.000000000010867,-0.016493665054441345,0.0,-0.011182232658465218,0
2025-03-04,-0.0011789478594504059,2.0000000000083142,-0.014258440583946302,2.00000000000006,-0.016126067941027094,0
2025-03-05,0.016410661861309208,2.0000000000011124,0.009245614521206586,0.0,0.010152496377874872,0
2025-03-06,-0.004145214334160327,2.000000000002431,-0.014923209324479445,0.0,-0.012258268991346284,0
2025-03-07,-0.013570520095489905,2.000000000003256,0.034948181360959986,0.0,0.009128881449581235,0
2025-03-10,-0.014142100624069518,2.0000000000053255,-0.012028948403896463,0.0,-0.016301397316284688,0
2025-03-11,-0.018951319158099094,2.0000000000072493,-0.03813999518752179,0.0,-0.01215446708649139,0
2025-03-12,0.03245759382841561,2.000000000002194,0.007930394262074765,0.0,-0.00303890988846591,0
2025-03-13,-0.029868207871957042,2.0000000000086233,-0.03207736462354737,0.0,-0.011553468615987326,0
2025-03-14,0.014767867513025404,2.0000000000101767,0.024073831737043114,0.0,0.020423005748208576,0
2025-03-17,0.06819132715464686,0.0,0.047778837382793315,0.0,0.01402039041576773,0
2025-03-18,0.008952882140865679,0.0,-0.003350744489581068,0.0,-0.006175100193189621,0
2025-03-19,-0.06944441795347506,0.0,0.011487831361592144,2.0000000000000933,0.008207977719548272,0
2025-03-20,0.0016958954511008077,2.0000000000051683,0.01618409343063825,2.000000000000054,-0.003677887230508362,0
2025-03-21,-0.0019923660438537997,2.00000000000532,-0.006460352751135859,2.0000000000000484,-0.0043828607978608995,0
2025-03-24,-0.018549719825372814,2.000000000001563,-0.005327296908943685,2.0000000000000777,0.016425062219609744,0
2025-03-25,-0.00257734931074352,0.0,-0.01494005415588623,2.000000000000072,-0.002489718175021477,0
2025-03-26,-0.005917782429606828,2.000000000000879,0.008606175892054905,0.0,-0.0024177858771701334,0
2025-03-27,-0.0017477187793704476,0.0,0.010472666472196357,2.0000000000000533,-0.003469764801562695,0
2025-03-28,-0.0470640249551265,2.000000000004448,-0.018181767314673115,2.0000000000000555,-0.015360825992525813,0
2025-03-31,-0.016657121479484616,2.000000000006746,0.0178838978550694,2.0000000000000697,0.007462796813705791,0
2025-04-01,-0.04846221208563813,2.000000000006906,0.017113417387008268,2.000000000000122,0.0015825028174426435,0
2025-04-02,0.012261486616175587,2.000000000405993,0.0007574700866835081,0.0,0.009161677686827527,0
2025-04-03,-0.026304814988783076,0.0,-0.050918024033313816,0.0,-0.048948382154057606,0
2025-04-04,0.04232634974095252,0.0,-0.03741344437003786,0.0,-0.057006846005450224,0
2025-04-07,-0.04914365336342735,0.0,-0.034478042274714266,2.000000000000163,-0.00682037651160441,0
2025-04-08,-0.049204379328193305,0.0,-0.07358203828334951,2.000000000000135,-0.01950978157808191,0
2025-04-09,0.06284923110815807,0.0,0.0831867605447879,2.0000000000001665,0.08381959450888463,0
2025-04-10,-0.01716868767025091,0.0,-0.0313362292945434,0.0,-0.03356142702896776,0
2025-04-11,-0.0004514424652182764,2.00000000041506,0.029214844107628715,2.0000000000001266,0.015392233255955281,0
2025-04-14,0.04596272856014925,0.0,0.00015856900427145077,2.0000000000001066,0.01239272339592275,0
2025-04-15,0.012322436086832606,2.0000000000135874,0.012201416306197302,2.000000000000141,-0.0028894622350390904,0
2025-04-16,-0.01850708574057179,0.0,-0.015523289330305027,0.0,-0.01419525933837242,0
2025-04-17,0.01154136192053764,2.000000000000502,0.007150781806559062,0.0,0.007877378912325185,0
2025-04-21,-0.004754366353231388,2.0000000000029243,-0.020507205277683425,2.0000000000001434,-0.020694494787600128,0
2025-04-22,0.004349627997796963,2.000000000003129,0.021735662594440274,0.0,0.025506578070974104,0
2025-04-23,0.001825944753430601,0.0,0.021273273974658256,0.0,0.011045544833883513,0
2025-04-24,0.043710518628372226,2.000000000004516,0.009005961939694218,2.0000000000000617,0.018130246148635946,0
2025-04-25,-0.06700793653725362,0.0,-0.010558447800576541,0.0,-0.0011065128374265734,0
2025-04-28,0.00910585280508662,2.000000000005624,-0.004393717739730348,0.0,0.003167465229209316,0
2025-04-29,-0.008288643322877482,2.0000000000039804,0.010452583432196946,0.0,0.005515792576315908,0
2025-04-30,-0.0006898274295941121,2.0000000000026197,0.007790402043610848,2.000000000000105,0.0015391543317006897,0
2025-05-01,0.021398602053521273,0.0,-0.0264230910688639,0.0,-0.0013174870027451795,0
2025-05-02,0.026431689039030617,2.0000000000161,0.03399612382054486,2.0000000000001013,0.017381584519374476,0
2025-05-05,-0.01697382889688016,2.0000000000155818,-0.004961249884218032,2.000000000000073,-0.0040001570904970645,0
2025-05-06,-0.007104065734910589,2.0000000000010107,-0.024134557694196875,0.0,-0.007060725551476238,0
2025-05-07,0.009377257898451997,2.0000000000022125,0.010588577948510897,0.0,0.00633173325830016,0
2025-05-08,0.03397344052793741,2.000000000001894,0.009745079092681916,0.0,0.009390302998059801,0
2025-05-09,0.0009050311055051296,2.0000000000017195,-0.022132005542516563,0.0,0.00012524167316600469,0
2025-05-12,0.06565005332233233,2.00000000000115,0.037221614271403844,2.0000000000000653,0.029342157134681444,0
2025-05-13,-0.0021669976413247007,2.0000000000022427,0.002094418508932247,2.0000000000000817,0.00278707168306033,0
2025-05-14,-0.0021146677900228438,2.0000000000022444,-0.05032920092344316,0.0,-0.006251801793117767,0
2025-05-15,0.020214524120120217,2.0000000000065628,0.007110098203617629,2.0000000000000897,0.008917574851684566,0
2025-05-16,0.005104437004835671,2.000000000011471,0.012314543128014234,2.0000000000000906,0.010251730847515003,0
2025-05-19,-0.02981031499803062,2.0000000000076286,-0.01049400866031645,2.000000000000081,0.00034840938834220897,0
2025-05-20,-0.01459491904824969,2.0000000000000755,-0.004418275784701181,1.9999999999999847,-0.0030786941606856274,0
2025-05-21,0.008299347013233392,2.000000000000029,-0.038609530776741265,0.0,-0.021741816285112778,0
2025-05-22,-0.0009733767947182459,2.0000000000000218,-0.0016360697473955259,1.9999999999999927,-0.002684534100069527,0
2025-05-23,-0.0018133256817392735,2.000000000003199,-0.011593795381486902,2.00000000000007,-0.003969542111668985,0
2025-05-27,0.02041491679847249,2.0000000000031433,0.03206631913781326,0.0,0.018699156654977286,0
2025-05-28,-0.029197061434387588,0.0,0.006594444159417678,2.000000000000057,-0.008677756204949495,0
2025-05-29,0.0033944442402596632,2.000000000000016,0.032490219920872414,1.9999999999999858,0.003303226158411513,0
2025-05-30,0.07733812183141628,2.00000000000032,-0.016233282163739156,2.0000000000000835,-0.00013205069782685965,0
2025-06-02,0.033936817909723964,2.0000000000000497,-0.01746237091720098,0.0,0.00011275393940113828,0
2025-06-03,0.0581766821278264,2.000000000000004,0.027951601892710155,2.0000000000000715,0.008202058952697924,0
2025-06-04,0.023148462801749724,2.0000000000000093,0.004956867080181725,0.0,-0.0020806919280717292,0
2025-06-05,0.09083722531795516,2.000000000000056,-0.0006313874037008944,2.0000000000000733,-0.002482943507817334,0
2025-06-06,0.0053857479072460445,2.00000000000072,-0.005716517567634303,2.0000000000000724,0.009117197889129177,0
2025-06-09,-0.014472391456365565,2.0000000000007194,0.00642119254916899,2.000000000000067,-4.247535846929019e-05,0
2025-06-10,0.0203439816832543,0.0,0.00932483561337012,0.0,0.005517460448803369,0
2025-06-11,-0.01741117797791976,2.000000000000053,-0.007780565414577853,0.0,-0.0032329468775064,0
2025-06-12,0.016842002049088877,2.000000000000105,0.015192875638604253,0.0,0.0025194237143637333,0
2025-06-13,-0.003557700896639285,2.0000000000004174,0.009518522769212187,2.000000000000061,-0.012588869652921957,0
2025-06-16,0.010245626792314291,2.0000000000004334,0.002423961916928636,2.000000000000064,0.009717811828537348,0
2025-06-17,0.009614941670945088,2.0000000000002442,-0.00393951870501087,1.1162742076913794,-0.010047042215728741,0
2025-06-18,0.00826914142817381,2.0000000000007843,0.009436588734388253,0.0,0.0003536753259661834,0
2025-06-20,0.07452056032036392,2.000000000001032,-0.002589501673355595,2.0000000000000666,0.0015815003141746887,0
2025-06-23,0.014940740266646529,2.0000000000002154,0.028762919828297734,2.0000000000001217,0.008723810539365245,0
2025-06-24,-0.0040362022868230315,2.0000000000002762,0.024271169677377295,2.0000000000000715,0.009735960926688736,0
2025-06-25,0.056073804822196885,2.0000000000001594,-0.017165701836347903,2.000000000000118,-0.007440829331008463,0
2025-06-26,0.011019443499629022,2.0000000000002416,-0.040988665074109636,0.0,0.007631818638927908,0
2025-06-27,0.053089674562233354,2.0000000000048654,0.00023132211936197257,0.0,0.004150293654602282,0
2025-06-30,-0.011210571974515304,2.0000000000055356,0.00780592625960731,2.0000000000000773,0.005464233655226404,0
2025-07-01,-0.009219169616643569,2.0000000000054734,0.004919244442136712,2.0000000000001386,0.011186453206395518,0
2025-07-02,0.013127495534668522,2.0000000000082325,-0.00021702949015823888,2.000000000000118,0.0025496751011146864,0
2025-07-03,0.01329088769865639,2.0000000001852785,-0.013377018272876278,2.000000000000128,0.005314800251392239,0
2025-07-07,-0.007026172243076697,2.0000000001811347,0.007788135670123353,2.0000000000000093,-0.008596739470128583,0
2025-07-08,-0.012810452841240057,2.000000000005688,0.0038284033071250573,1.9999999999999933,0.0025473485995222765,0
2025-07-09,0.0006492699031053282,2.00000000000357,0.0003175445017408688,2.0000000000000773,0.0032678764993449194,0
2025-07-10,0.016211567446647375,2.000000000006673,0.01460315193980962,0.0,0.0056100147922696205,0
2025-07-11,-0.022271793335683097,2.000000000007324,-0.010168977081776234,0.0,-0.007541175613350824,0
2025-07-14,0.00010806063801299342,2.0000000000024736,0.006796283647418141,0.0,0.0011350108166106748,0
2025-07-15,-0.003076964989433625,2.00000000000757,-0.025353236123920223,0.0,-0.013569908277228628,0
2025-07-16,0.010284870862962793,2.000000000006225,0.021986028179526496,0.0,0.004424714712593253,0
2025-07-17,0.008427250199033941,0.0,0.009511613287032058,2.000000000000069,0.007512416730344352,0
2025-07-18,-0.002073057694353821,0.0,-0.0034103991929442124,0.0,0.0003366418431670206,0
2025-07-21,0.0039215837605051825,2.0000000000082316,-0.005974106956273509,0.0,-0.003412585781088474,0
2025-07-22,0.0140273753434955,2.000000000019947,0.021283314495990906,2.0000000000000764,0.012878706229635651,0
2025-07-23,0.0867253467440332,2.0000000000237423,-0.006788982078432478,1.1411807041043533,0.008149993683885018,0
2025-07-24,-0.0027902398724110747,2.0000000000032077,0.017332274466753093,2.000000000000073,-0.0032192493286246947,0
2025-07-25,0.01575535535819011,2.0000000000163514,-0.0013813960831609978,0.0,0.00525069664527218,0
2025-07-28,-0.05389217287275167,2.0000000000182814,-0.0272914338856939,2.000000000000079,-0.005637049682103999,0
2025-07-29,0.07286163419485103,2.0000000000349702,-0.001571872970089384,0.0,-0.0008016917487264131,0
2025-07-30,0.0046813474035864566,2.000000000009023,-0.006769535131752936,0.0,-0.006409995365309173,0
2025-07-31,-0.03880983591080019,2.000000000007036,-0.004913605283946241,0.0,-0.009320329353978375,0
2025-08-01,-0.017091715708502025,2.0000000000089795,-0.014011830091477434,2.0000000000000977,-0.010179542803166394,0
2025-08-04,0.014217806048703256,2.000000000009815,0.008854632265868008,2.0000000000001554,0.012292040946083367,0
2025-08-05,-0.20600499212741918,2.000000000001017,0.010960841551422792,2.0000000000001483,-0.0032327323075267253,0
2025-08-06,-0.008076205849643428,2.0000000000041043,-0.060425538569686306,2.0000000000000036,-0.0017581716746065353,0
2025-08-07,0.013440469377321471,2.000000000004884,0.07314293086528696,2.000000000000071,-0.00024052609393209064,0
2025-08-08,0.04262133687731838,2.0000000000073386,-0.014493029763831499,1.9999999999998987,0.0017537979473347797,0
2025-08-11,0.007910443469860282,2.000000000005459,0.0004140381934119758,2.0000000000000817,-0.003244075993584673,0
2025-08-12,0.0025386004709448858,0.0,0.025710301473737377,2.0000000000000595,0.013616677709125976,0
2025-08-13,0.033933448567647906,2.000000000012018,0.0481674261391157,1.99999999999999,0.01400827325618186,0
2025-08-14,0.07380744069810974,2.000000000015552,-0.0073552012024224785,2.000000000000078,-0.006031741696869267,0
2025-08-15,-0.00343453232201434,2.0000000000081535,0.0048527312465012455,2.000000000000071,-0.002043405241595986,0
2025-08-18,-0.036644935607904945,2.0000000000035154,-0.0018662369960712642,2.0000000000000657,-0.00015015385335624047,0
2025-08-19,-0.001481572515362676,2.000000000011407,0.005153476244398337,0.8713521806032684,0.004827115587473516,0
2025-08-20,-0.06993277370928899,2.0000000000149036,0.0036421343684195115,2.000000000000061,-0.00039672102998619603,0
2025-08-21,-0.005794574972257198,2.0000000000050693,-0.004127776048155992,2.0000000000000657,-0.0031542544884741036,0
2025-08-22,-0.01148833241266245,2.000000000016132,0.017202032729985415,2.0000000000000973,0.01912312607065158,0
2025-08-25,-0.05118565261381976,2.0000000000282383,-0.007683448959142243,2.0000000000000955,-0.007928153301258995,0
2025-08-26,-0.0026266374625037725,2.000000000018866,0.007561041973531229,2.00000000000008,0.0007557318809947268,0
2025-08-27,-0.025797190144657176,2.000000000005485,0.011047895066440156,2.000000000000046,0.0033497340507841825,0
2025-08-28,0.016022019088262104,2.000000000003892,-0.0019784781616180866,2.0000000000000564,-0.00047576471328222516,0
2025-08-29,-0.002954528434243716,2.0000000000144023,0.005306645296513989,2.000000000000081,-0.000718306952420791,0
2025-09-02,0.08075418323267312,2.0000000000125744,0.006430456414818374,0.0,-0.0071155132884990965,0
2025-09-03,-0.03485018387436666,2.0000000000091327,0.019060727208852685,2.0000000000000835,-0.0016315637734145136,0
2025-09-04,-0.001203324762158101,2.0000000000011764,0.006095452699810655,2.0000000000000826,0.007046839299660776,0
2025-09-05,-0.008402195759119692,2.0000000000012235,0.019256986677646706,2.000000000000073,0.0007676451281723874,0
2025-09-08,0.019416082650461082,2.0000000000093223,-0.010204133577644789,2.0000000000000693,9.33181586142763e-05,0
2025-09-09,0.06482327606521783,2.0000000000092224,0.014575775712728778,2.0000000000000164,-0.002800677038842236,0
2025-09-10,-0.018698256462889296,2.0000000000083644,0.04167223349213595,2.0000000000000586,-0.0019212186707082868,0
2025-09-11,0.024970648810343013,2.0000000000081153,-0.06234581768512633,2.000000000000063,0.015447030719626413,0
2025-09-12,-0.016894839704077135,2.000000000008387,0.16697593033313723,2.0000000000000773,-0.007670544808685869,0
2025-09-15,-0.006468912586569861,2.0000000000085385,0.031266465783119216,0.0,-0.0024763255922319906,0
2025-09-16,-0.00944142881775601,2.000000000011909,0.014394113793969104,2.000000000000104,-0.0021415707563205073,0
2025-09-17,0.0054421671666344575,2.0000000000076192,0.010562207549810571,2.0000000000000995,0.0014487744589502822,0
2025-09-18,0.007962659001380625,2.000000000019995,0.015373031608760695,0.0,0.006214559531736721,0
2025-09-19,-0.02841650694609078,2.000000000008961,0.0211872197687625,0.0,-0.0020388309758872167,0
2025-09-22,-0.0058100493624292735,2.0000000000249787,0.03661350905895237,0.0,0.0005202372003677625,0
2025-09-23,-0.003925296477952726,0.0,-0.005232628434896527,0.0,0.0011751790271245376,0
2025-09-24,-0.017872689291928662,2.000000000027817,-0.01941880397498616,0.0,-0.0020556480397384666,0
2025-09-25,-0.04652519896623573,2.0000000000194005,-0.02635475806891951,2.000000000000075,-0.008233734921032555,0
2025-09-26,-0.02900425344684733,2.0000000000077094,-0.0033318023588111397,1.9999999999999873,0.010343496301750505,0
2025-09-29,0.037906111345070714,2.0000000000105067,0.05346882343292257,1.0866554021027233,0.003254758975637157,0
2025-09-30,0.009554238989965741,2.0000000000025633,0.03344715759158148,0.0,0.0029750339118271183,0
2025-10-01,0.00022649671882248702,2.0000000000028972,0.06789635866880428,2.0000000000000697,0.001576291697212851,0
2025-10-02,0.03124606471504409,2.000000000000089,-0.003505052067339354,2.000000000000057,0.0022621791431157033,0
2025-10-03,0.013180783018470336,1.9999999999999605,-0.00765491137281045,2.0000000000000813,0.003684213333923514,0
2025-10-06,-0.013359012082219313,0.0,-0.039400260895490674,0.0,-0.0006134550679991966,0
2025-10-07,-0.028336500748991692,0.0,-0.03240977227688001,2.000000000000038,-0.004238176963750054,0
2025-10-08,-0.010622272267936727,0.0,0.021995285525918524,2.0000000000001443,0.0030052010818012683,0
2025-10-09,0.030122916539792367,2.0000000000000346,0.003428399795666051,2.000000000000063,-0.008186200398360047,0
2025-10-10,-0.00555270141667499,2.0000000000001465,0.0011666482314458178,0.0,-0.021994410726322397,0
2025-10-13,0.005882375408097867,2.000000000006166,-0.00913997087627532,2.000000000000111,0.01004420793498082,0
2025-10-14,0.0077164690010645305,2.000000000005998,-0.0002908990136335889,0.0,0.00886431618620007,0
2025-10-15,0.017014101147664943,2.0000000000116875,-0.00779624562710504,0.0,0.0013121525442333212,0
2025-10-16,-0.007972470052964717,2.00000000001025,-0.01008768472820615,0.0,-0.009140485527588494,0
2025-10-17,0.013126952275143409,2.0000000000034293,-0.0023519224487239584,2.0000000000001235,0.005080672216530739,0
2025-10-20,-0.014622778631740607,2.000000000002894,-0.0015117241817085552,2.0000000000000817,0.009890071240906928,0
2025-10-21,0.14862073957919794,2.0000000000005227,0.04142968437053523,0.9884260089176132,0.004932677648600098,0
2025-10-22,0.005179352592676827,2.000000000000021,-0.010350364260376086,2.000000000000087,-0.004711264595773932,0
2025-10-23,0.003140342179357208,2.0000000000001923,-0.007240555249153407,0.0,0.004592838973643622,0
2025-10-24,0.009922634643700893,2.0000000000006017,0.02250763401389239,2.0000000000000693,0.002228138268491421,0
2025-10-27,-0.006162543781098749,2.0000000000001856,-0.02411040963108853,2.0000000000000604,0.004662709073681165,0
2025-10-28,-0.016913319006562573,2.0000000000003353,-0.0029389993287627187,2.0000000000000924,-0.009282237828171025,0
2025-10-29,-0.01424519620620257,2.0000000000001097,-0.024685744196177122,0.0,-0.012063854976864848,0
2025-10-30,0.0002134239621182604,2.000000000001041,-0.013595108874142578,2.000000000000105,-0.003561372914296742,0
2025-10-31,0.005853348411620584,2.0000000000010587,0.005359793081879799,0.0,0.002220996354907639,0
2025-11-03,-0.0062000295147289115,0.0,0.03779108449816699,2.0000000000000964,-0.0032340138244973363,0
2025-11-04,0.020967291668057286,2.0000000000001217,-0.0571266561746599,0.0,-0.005622553695106826,0
2025-11-05,0.005868185655140673,2.0000000000000533,0.10140579938888578,0.0,0.005326627167517448,0
2025-11-06,0.03810495950861024,1.2917638764720565,-0.03652479127049379,2.000000000000073,-0.00731041004346008,0
2025-11-07,0.03113422729075,2.000000000000041,0.0031601425725972525,2.0000000000000955,0.00954848705518662,0
2025-11-10,-0.007781165651952241,2.00000000001619,0.016041430517751934,2.0000000000000853,0.004542669020213248,0
2025-11-11,0.01565438856128405,2.0000000000161515,0.007550756912679242,2.0000000000000795,0.006335000233457957,0
2025-11-12,0.024735465645790034,2.00000000000008,-0.003141976892950396,2.000000000000508,0.002451967557970569,0
2025-11-13,-0.008640179636723014,2.0000000000025704,-0.0038199458240783133,2.000000000006147,-0.0111307930559426,0
2025-11-14,0.002249349606917133,2.0000000000615796,-0.005658351816240302,2.000000000005801,-0.0030662274504735217,0
2025-11-17,-0.011256964877839521,2.0000000001156044,-0.011352844536305256,1.9999999999999167,-0.0134030019402482,0
2025-11-18,-0.01918715797369339,0.0,-0.021690599620342275,0.0,0.00010395304653610006,0
2025-11-19,-0.004376260098074177,2.000000000065312,0.0061888516019714,2.0000000000001306,-0.003059984837125307,0
2025-11-20,0.0012627273173008975,2.000000000001439,-0.02288699895144028,2.0000000000004885,-0.010965179059805624,0
